arm,trajectory,prompt_id,step,timestep,same_state_nmse,rollout_velocity_nmse,latent_after_nmse
plain,vbench_128_r0,vbench_128,0,988.0,0.36406152746439446,0.36406152746439446,0.0027221277200876067
plain,vbench_128_r0,vbench_128,1,932.0,0.08599137112680477,0.4491992449547051,0.018560202437316244
plain,vbench_128_r0,vbench_128,2,852.0,0.06081680077119014,0.5252065103019781,0.249232303295685
plain,vbench_128_r0,vbench_128,3,608.0,0.05756672778831383,0.6058968280167741,1.1706418341251512
qad,vbench_128_r0,vbench_128,0,988.0,0.18016445199332323,0.18016445199332323,0.0013471092437620526
qad,vbench_128_r0,vbench_128,1,932.0,0.06675213156003966,0.25816674577151016,0.010535887449926258
qad,vbench_128_r0,vbench_128,2,852.0,0.049338763419230484,0.31115980880650135,0.14602726617620207
qad,vbench_128_r0,vbench_128,3,608.0,0.039634121014089106,0.379533706625185,0.7155531799847672
plain,vbench_128_r1,vbench_128,0,988.0,0.25324531373478304,0.25324531373478304,0.0017427024673019606
plain,vbench_128_r1,vbench_128,1,932.0,0.10703329675132285,0.354192007494966,0.014392682534986765
plain,vbench_128_r1,vbench_128,2,852.0,0.09586333297380073,0.43607647451518017,0.20769632858812107
plain,vbench_128_r1,vbench_128,3,608.0,0.1004355500230088,0.5425599787009558,1.0077557215740602
qad,vbench_128_r1,vbench_128,0,988.0,0.179811780850212,0.179811780850212,0.0012373711067593365
qad,vbench_128_r1,vbench_128,1,932.0,0.08640361318809389,0.255676130506866,0.010362042550058721
qad,vbench_128_r1,vbench_128,2,852.0,0.06509480620034157,0.3340501415641017,0.15812959267861135
qad,vbench_128_r1,vbench_128,3,608.0,0.06842773488488613,0.42485771087203217,0.7910925381447611
plain,vbench_134_r0,vbench_134,0,988.0,0.2695125198892536,0.2695125198892536,0.002043633528109986
plain,vbench_134_r0,vbench_134,1,932.0,0.11034426837389011,0.4227006612832159,0.019849854880089533
plain,vbench_134_r0,vbench_134,2,852.0,0.1724167023879732,0.5672276001433405,0.31018526611711666
plain,vbench_134_r0,vbench_134,3,608.0,0.16220066170451491,0.7641065012942595,1.001607466850889
qad,vbench_134_r0,vbench_134,0,988.0,0.2609168551595803,0.2609168551595803,0.001978455151071431
qad,vbench_134_r0,vbench_134,1,932.0,0.18253215856414876,0.46638494663388425,0.02217246819559888
qad,vbench_134_r0,vbench_134,2,852.0,0.17375045390421695,0.6642494364999353,0.38250999504277905
qad,vbench_134_r0,vbench_134,3,608.0,0.13538399141363475,0.8700982210078814,1.2653481311146295
plain,vbench_134_r1,vbench_134,0,988.0,0.2197476357362151,0.2197476357362151,0.0015372117464679093
plain,vbench_134_r1,vbench_134,1,932.0,0.12495216389599295,0.35373161684282606,0.014296362673833728
plain,vbench_134_r1,vbench_134,2,852.0,0.11665271190752372,0.45652716788024156,0.21177105605939447
plain,vbench_134_r1,vbench_134,3,608.0,0.08135268949579227,0.5469836141173059,0.8977022397114949
qad,vbench_134_r1,vbench_134,0,988.0,0.15338623984700392,0.15338623984700392,0.0010729905186438375
qad,vbench_134_r1,vbench_134,1,932.0,0.16936791085493638,0.27359324459714013,0.01105854034559727
qad,vbench_134_r1,vbench_134,2,852.0,0.22627700808710444,0.3403434470934075,0.1608080493773085
qad,vbench_134_r1,vbench_134,3,608.0,0.07283743493587287,0.4220903136218332,0.7116002516095352
plain,vbench_095_r0,vbench_095,0,988.0,0.2923904956160579,0.2923904956160579,0.0018684569159950419
plain,vbench_095_r0,vbench_095,1,932.0,0.07039168260689999,0.4127970376383652,0.014741644974840585
plain,vbench_095_r0,vbench_095,2,852.0,0.08989480209161681,0.5082974242607757,0.21803415106044619
plain,vbench_095_r0,vbench_095,3,608.0,0.07598490374852039,0.7012723695326841,1.3378542878156368
qad,vbench_095_r0,vbench_095,0,988.0,0.20237703572054608,0.20237703572054608,0.001293245771323434
qad,vbench_095_r0,vbench_095,1,932.0,0.05658424517293334,0.26633174128774517,0.009620055271834833
qad,vbench_095_r0,vbench_095,2,852.0,0.0419210235816759,0.32051305045288997,0.1390030015251978
qad,vbench_095_r0,vbench_095,3,608.0,0.03544099900947446,0.3717043731545114,0.7810675879819376
plain,vbench_095_r1,vbench_095,0,988.0,0.18108531140360226,0.18108531140360226,0.0013220552558107456
plain,vbench_095_r1,vbench_095,1,932.0,0.05604594974298958,0.21599757634010538,0.008997832319267502
plain,vbench_095_r1,vbench_095,2,852.0,0.046027391557580274,0.26558347878941124,0.12427226323066497
plain,vbench_095_r1,vbench_095,3,608.0,0.0630316070079166,0.36173962770500284,0.6446288640371526
qad,vbench_095_r1,vbench_095,0,988.0,0.14956760358481389,0.14956760358481389,0.0010919529302827146
qad,vbench_095_r1,vbench_095,1,932.0,0.0716316146344774,0.1867284206530373,0.00780210382586051
qad,vbench_095_r1,vbench_095,2,852.0,0.057670079096794835,0.2340513389374518,0.11026742031181334
qad,vbench_095_r1,vbench_095,3,608.0,0.040911370409432476,0.31070072228129814,0.5781567795982011
plain,vbench_232_r0,vbench_232,0,988.0,0.2745742129605648,0.2745742129605648,0.002430586267858405
plain,vbench_232_r0,vbench_232,1,932.0,0.14224644095367817,0.46026382908512165,0.032918330729264624
plain,vbench_232_r0,vbench_232,2,852.0,0.11247303314767325,0.4374539698536217,0.3042019982643546
plain,vbench_232_r0,vbench_232,3,608.0,0.05312092138783302,0.4872222791643452,0.49057807154041405
qad,vbench_232_r0,vbench_232,0,988.0,0.29193589097662254,0.29193589097662254,0.0025842753405422624
qad,vbench_232_r0,vbench_232,1,932.0,0.36725052165382366,0.6089085638706898,0.043689722699996214
qad,vbench_232_r0,vbench_232,2,852.0,0.14941678233885988,0.5654553120890727,0.4054388779434926
qad,vbench_232_r0,vbench_232,3,608.0,0.07213687362915656,0.46803311030968053,0.5981440716905473
plain,vbench_232_r1,vbench_232,0,988.0,0.2561251399686617,0.2561251399686617,0.0016908368187402956
plain,vbench_232_r1,vbench_232,1,932.0,0.05595451129960318,0.3152228747362981,0.011308769083913598
plain,vbench_232_r1,vbench_232,2,852.0,0.04458953755513463,0.45871989785137857,0.20962233146966525
plain,vbench_232_r1,vbench_232,3,608.0,0.035683229650423136,0.5762094168683023,0.9369175190377743
qad,vbench_232_r1,vbench_232,0,988.0,0.2859036509063107,0.2859036509063107,0.0018874227638247894
qad,vbench_232_r1,vbench_232,1,932.0,0.0693326860029446,1.3987296798566284,0.04801420305701478
qad,vbench_232_r1,vbench_232,2,852.0,0.1208056196680566,2.2240555201692542,1.006709966770578
qad,vbench_232_r1,vbench_232,3,608.0,0.10764238747215078,1.974396951452336,3.814440575668684
plain,vbench_133_r0,vbench_133,0,988.0,0.21550430310002464,0.21550430310002464,0.0017393582129483884
plain,vbench_133_r0,vbench_133,1,932.0,0.08548799382486451,0.31394757740963186,0.015296525374233722
plain,vbench_133_r0,vbench_133,2,852.0,0.07381227378404888,0.3675763264586356,0.18862409411339764
plain,vbench_133_r0,vbench_133,3,608.0,0.06832008594958844,0.4520249116726294,0.7578278148440025
qad,vbench_133_r0,vbench_133,0,988.0,0.20609696856865023,0.20609696856865023,0.0016634306126929795
qad,vbench_133_r0,vbench_133,1,932.0,0.07095983005950096,0.2899384255453561,0.014247564604399422
qad,vbench_133_r0,vbench_133,2,852.0,0.045826793450773284,0.3207286738661037,0.16733443225028652
qad,vbench_133_r0,vbench_133,3,608.0,0.045504822918938426,0.3660348550858939,0.6509900384322993
plain,vbench_133_r1,vbench_133,0,988.0,0.37128528694063245,0.37128528694063245,0.003048065335848902
plain,vbench_133_r1,vbench_133,1,932.0,0.1007501085412306,0.4260030654831268,0.020768102952960953
plain,vbench_133_r1,vbench_133,2,852.0,0.08169326366417941,0.47902012179568726,0.25207314582394474
plain,vbench_133_r1,vbench_133,3,608.0,0.07191061034411911,0.54862440991059,0.9972614661553542
qad,vbench_133_r1,vbench_133,0,988.0,0.21115293094185666,0.21115293094185666,0.0017334592885973462
qad,vbench_133_r1,vbench_133,1,932.0,0.0760723258036817,0.29500783435482686,0.014158943735268641
qad,vbench_133_r1,vbench_133,2,852.0,0.04866311585681445,0.34318492245661425,0.17891784565097021
qad,vbench_133_r1,vbench_133,3,608.0,0.04890745593053919,0.3996746274751202,0.7227152640972897
plain,vbench_191_r0,vbench_191,0,988.0,0.22720733914326663,0.22720733914326663,0.0016040179285983155
plain,vbench_191_r0,vbench_191,1,932.0,0.11365390514823867,0.3412241919396506,0.014570466253261236
plain,vbench_191_r0,vbench_191,2,852.0,0.10184646494381352,0.5105491281135343,0.24926949223291325
plain,vbench_191_r0,vbench_191,3,608.0,0.12811685760659725,0.7158214404697676,1.0131779150981237
qad,vbench_191_r0,vbench_191,0,988.0,0.3350925409128782,0.3350925409128782,0.002365656168460745
qad,vbench_191_r0,vbench_191,1,932.0,0.09173781303728129,1.2115666643878953,0.0507969705948312
qad,vbench_191_r0,vbench_191,2,852.0,0.06822282894522994,2.2021736240414187,1.0934185068795785
qad,vbench_191_r0,vbench_191,3,608.0,0.06971927847876344,1.5157324434013841,3.1365318478685142
plain,vbench_191_r1,vbench_191,0,988.0,0.48806966112585504,0.48806966112585504,0.003971401715942299
plain,vbench_191_r1,vbench_191,1,932.0,0.20598929988271167,0.7035730503785547,0.051975747867362275
plain,vbench_191_r1,vbench_191,2,852.0,0.12409376099286265,0.6513776214529389,0.4515630727461248
plain,vbench_191_r1,vbench_191,3,608.0,0.09615479917590439,0.6612064474917577,0.7043088410438821
qad,vbench_191_r1,vbench_191,0,988.0,0.2946927119460902,0.2946927119460902,0.00239790184704106
qad,vbench_191_r1,vbench_191,1,932.0,0.24330832785584433,0.6571596721262598,0.04811437817862126
qad,vbench_191_r1,vbench_191,2,852.0,0.18324787970291564,0.6635148101360625,0.47956870134032853
qad,vbench_191_r1,vbench_191,3,608.0,0.12655106357057458,0.6169525272400626,0.8090640688834125
plain,vbench_204_r0,vbench_204,0,988.0,0.3494845632573939,0.3494845632573939,0.0028871360114821783
plain,vbench_204_r0,vbench_204,1,932.0,0.15573696921899205,0.6368908457111521,0.06067346493306846
plain,vbench_204_r0,vbench_204,2,852.0,0.10422877139566063,0.7511820786835521,0.5875199067294243
plain,vbench_204_r0,vbench_204,3,608.0,0.0420091063224977,0.8390499745682789,1.032760551317408
qad,vbench_204_r0,vbench_204,0,988.0,0.23356675299119134,0.23356675299119134,0.0019295243754419667
qad,vbench_204_r0,vbench_204,1,932.0,0.17823051217028676,0.2813225794450089,0.02651578859918728
qad,vbench_204_r0,vbench_204,2,852.0,0.18675444973055472,0.23236405062004825,0.16850025615999156
qad,vbench_204_r0,vbench_204,3,608.0,0.05316692558760042,0.2866539764837566,0.25940988667758896
plain,vbench_204_r1,vbench_204,0,988.0,0.4714193782023913,0.4714193782023913,0.003556768375687231
plain,vbench_204_r1,vbench_204,1,932.0,0.11152644618414133,0.9568381503944162,0.0581158275994618
plain,vbench_204_r1,vbench_204,2,852.0,0.09396306377850822,0.8819681806816128,0.5814227361192266
plain,vbench_204_r1,vbench_204,3,608.0,0.06574855024546285,0.7427588629839001,0.9914081979252843
qad,vbench_204_r1,vbench_204,0,988.0,0.38680595257068756,0.38680595257068756,0.002918376382568522
qad,vbench_204_r1,vbench_204,1,932.0,0.1585890377773457,0.6686578701354047,0.04131376457250249
qad,vbench_204_r1,vbench_204,2,852.0,0.13721408330849721,0.6219039297413538,0.42482030105277413
qad,vbench_204_r1,vbench_204,3,608.0,0.05733798115529387,0.6101255907457367,0.8178655736195243
plain,vbench_197_r0,vbench_197,0,988.0,0.5831545577794331,0.5831545577794331,0.007472901212350024
plain,vbench_197_r0,vbench_197,1,932.0,0.04040217099879549,0.7175787030324773,0.09718910130448086
plain,vbench_197_r0,vbench_197,2,852.0,0.0367908692865316,0.5094107355263158,0.4463285024278623
plain,vbench_197_r0,vbench_197,3,608.0,0.007504712867013618,0.47297596315102386,0.5139701587605614
qad,vbench_197_r0,vbench_197,0,988.0,0.38179439305179663,0.38179439305179663,0.004892548201234065
qad,vbench_197_r0,vbench_197,1,932.0,0.03337510021179673,0.13559467990485793,0.01829378640858571
qad,vbench_197_r0,vbench_197,2,852.0,0.07964267687351193,0.07251775183162111,0.05721516104906684
qad,vbench_197_r0,vbench_197,3,608.0,0.012937647641429038,0.05415818899051448,0.05056084540983943
plain,vbench_197_r1,vbench_197,0,988.0,0.24739454508942496,0.24739454508942496,0.002072644993697168
plain,vbench_197_r1,vbench_197,1,932.0,0.11304642925830136,0.3071327647869138,0.025919678947118455
plain,vbench_197_r1,vbench_197,2,852.0,0.11612681079455697,0.25535781590393164,0.171799037856835
plain,vbench_197_r1,vbench_197,3,608.0,0.07786551168926228,0.3010436680403145,0.26062527140560493
qad,vbench_197_r1,vbench_197,0,988.0,0.2440297892140016,0.2440297892140016,0.002044455429462077
qad,vbench_197_r1,vbench_197,1,932.0,0.2965074787649045,0.32706206144404837,0.028011962968421292
qad,vbench_197_r1,vbench_197,2,852.0,0.13923917961674034,0.3312911018132216,0.23325748743760152
qad,vbench_197_r1,vbench_197,3,608.0,0.08292617688618634,0.3990595747804333,0.41883736049570636
