case,label,seed,frames,lpips_alex,l1_mae,l2_norm,l2_rmse,relative_l2
p030,中文文字,49771,124,0.2725585191961258,0.0571421839558802,2633.161323315014,0.17776439431706467,1.3072948053580682
p036,产品展示,59526,124,0.38142350652525503,0.11081492576176427,2614.5567174402686,0.17650839968219428,0.276549017054427
vbench0161_r0,拍手,38001610,124,0.24658704921603203,0.05613012529881161,1400.5894665662058,0.09455362115738344,0.44977191101521585
vbench0161_r1,拍手,38001611,124,0.399505116045475,0.15031778068059018,3389.141647200728,0.22880053221004298,0.5467133173631072
vbench0192_r0,叠衣服,38001920,124,0.5243152137244901,0.10417838408835453,2217.2212821341222,0.14968433373055628,0.7129754643519521
vbench0192_r1,叠衣服,38001921,124,0.41515011604755153,0.10440889739614904,2412.210022793169,0.16284799942585249,0.5678906137374448
vbench0269_r0,汽车转弯,38002690,124,0.46807172173453915,0.11330751331534973,2532.731782100409,0.17098440844704618,0.35904124396166726
vbench0269_r1,汽车转弯,38002691,124,0.5993478687540177,0.1854666891108523,3802.5874303080113,0.2567122057433923,0.6338668075174857
vbench0316_r0,大象喷水,38003160,124,0.44348552438520616,0.0972163133958343,2077.2580580659874,0.1402354338348931,0.37088338978129587
vbench0316_r1,大象喷水,38003161,124,0.4503958650654362,0.12434312559177807,2917.998397573752,0.19699370986879994,0.3092550920593345
